user_preference,course_label,course_url
I want to learn about business analytics,MBA (Finance),https://example.com/mba-finance
I enjoy working with computers and coding,BCA (Computer Applications),https://example.com/bca
I want to study engineering and technology,BTech (Computer Science),https://example.com/btech-cs
I like mathematics and computer science,BCA (Data Science),https://example.com/bca-ds
I'm interested in artificial intelligence,BTech (AI & ML),https://example.com/btech-ai
I want to learn about business analytics,MBA (Finance),https://example.com/mba-finance
I enjoy working with computers and coding,BCA (Computer Applications),https://example.com/bca
I want to study engineering and technology,BTech (Computer Science),https://example.com/btech-cs
Passionate about business analytics,MBA (Finance),https://example.com/mba-finance
Programming and coding are exciting,BCA (Computer Applications),https://example.com/bca
Engineering and technology have always been fascinating,BTech (Computer Science),https://example.com/btech-cs
Mathematics and computer science make a great combination,BCA (Data Science),https://example.com/bca-ds
Artificial intelligence is shaping the future,BTech (AI & ML),https://example.com/btech-ai
Cybersecurity is crucial for digital safety,BTech (Cybersecurity),https://example.com/btech-cyber
Data science is transforming industries,BSc (Data Science),https://example.com/bsc-ds
Robotics is an innovative and evolving field,BTech (Robotics),https://example.com/btech-robotics
Building intelligent software is the goal,BTech (Software Engineering),https://example.com/btech-se
Cloud computing is revolutionizing the IT industry,BTech (Cloud Computing),https://example.com/btech-cloud
Network security is vital for protecting systems,BTech (Network Security),https://example.com/btech-network
Finance and investment banking are key to economic growth,BBA (Finance & Investment),https://example.com/bba-finance
Understanding human psychology helps in various careers,BA (Psychology),https://example.com/ba-psychology
Designing user-friendly applications is a great skill,BDes (UX/UI Design),https://example.com/bdes-ux
Digital marketing plays a crucial role in business success,MBA (Marketing),https://example.com/mba-marketing
Machine learning is advancing automation,BTech (AI & ML),https://example.com/btech-ai
Ethical hacking helps improve online security,BTech (Cybersecurity),https://example.com/btech-cyber
Big data analytics leads to better decision-making,BSc (Data Science),https://example.com/bsc-ds
Creating video games is both fun and challenging,BTech (Software Engineering),https://example.com/btech-se
Entrepreneurship requires vision and strategy,MBA (Entrepreneurship),https://example.com/mba-entrepreneurship
Mobile app development is a fast-growing industry,BTech (Software Engineering),https://example.com/btech-se
Blockchain technology is reshaping financial transactions,BTech (Blockchain),https://example.com/btech-blockchain
AI-driven applications are changing the world,BTech (AI & ML),https://example.com/btech-ai
Chatbot development requires AI expertise,BTech (AI & ML),https://example.com/btech-ai
Marketing strategies drive customer engagement,MBA (Marketing),https://example.com/mba-marketing
Algorithms and programming are core to computer science,BTech (Computer Science),https://example.com/btech-cs
Managing databases effectively is a valuable skill,BCA (Data Science),https://example.com/bca-ds
Virtual reality provides immersive experiences,BTech (Software Engineering),https://example.com/btech-se
Business process automation increases efficiency,BTech (AI & ML),https://example.com/btech-ai
Renewable energy is the future of sustainability,BTech (Energy Engineering),https://example.com/btech-energy
Cybersecurity professionals protect online assets,BTech (Cybersecurity),https://example.com/btech-cyber
Mathematical skills are essential in various fields,BSc (Mathematics),https://example.com/bsc-maths
Strategic business management enhances growth,MBA (Business Strategy),https://example.com/mba-strategy
AI research contributes to technological breakthroughs,BTech (AI & ML),https://example.com/btech-ai
Self-driving cars rely on AI and automation,BTech (AI & ML),https://example.com/btech-ai
IoT connects devices for smarter living,BTech (IoT),https://example.com/btech-iot
Cloud computing and DevOps streamline IT processes,BTech (Cloud Computing),https://example.com/btech-cloud
Financial analysts help businesses make informed decisions,MBA (Finance),https://example.com/mba-finance
Robotics enables automation in industries,BTech (Robotics),https://example.com/btech-robotics
Biotechnology is advancing medical research,BTech (Biotechnology),https://example.com/btech-biotech
AI product management requires both tech and business skills,MBA (AI & Data Science),https://example.com/mba-ai
Automation improves efficiency in various sectors,BTech (AI & ML),https://example.com/btech-ai
Forensic science is crucial in criminal investigations,BSc (Forensic Science),https://example.com/bsc-forensic
Aerospace engineering is key to space exploration,BTech (Aerospace Engineering),https://example.com/btech-aerospace
Quantum computing is an emerging technology,BTech (Quantum Computing),https://example.com/btech-quantum
AI in healthcare enhances medical diagnostics,BTech (AI & ML),https://example.com/btech-ai
Fintech is revolutionizing banking and finance,BTech (FinTech),https://example.com/btech-fintech
Data-driven decision-making improves business performance,BSc (Data Science),https://example.com/bsc-ds
Human-computer interaction enhances digital experiences,BDes (UX/UI Design),https://example.com/bdes-ux
AI-powered tools boost business efficiency,BTech (AI & ML),https://example.com/btech-ai
Web development is a fundamental skill in the digital era,BTech (Software Engineering),https://example.com/btech-se
AI is transforming the healthcare industry,BTech (AI & ML),https://example.com/btech-ai
Embedded systems control various smart devices,BTech (Embedded Systems),https://example.com/btech-embedded
Smart cities use IoT for better urban management,BTech (IoT),https://example.com/btech-iot
Stock market analysis requires financial expertise,BBA (Finance & Investment),https://example.com/bba-finance
Industrial design shapes consumer products,BDes (Industrial Design),https://example.com/bdes-industrial
E-commerce solutions drive online businesses,MBA (E-Commerce),https://example.com/mba-ecommerce
Technical writing simplifies complex topics,BTech (Technical Writing),https://example.com/btech-writing
Cloud security ensures safe digital infrastructure,BTech (Cloud Computing),https://example.com/btech-cloud
AI in agriculture optimizes farming techniques,BTech (AI & ML),https://example.com/btech-ai
Open-source projects contribute to global innovation,BTech (Software Engineering),https://example.com/btech-se
Space technology innovations drive interplanetary exploration,BTech (Aerospace Engineering),https://example.com/btech-aerospace
I like mathematics and computer science,BCA (Data Science),https://example.com/bca-ds
I'm interested in artificial intelligence,BTech (AI & ML),https://example.com/btech-ai
I have a passion for cybersecurity,BTech (Cybersecurity),https://example.com/btech-cyber
I love data science and analytics,BSc (Data Science),https://example.com/bsc-ds
I am fascinated by robotics and automation,BTech (Robotics),https://example.com/btech-robotics
I want to explore the field of software engineering,BTech (Software Engineering),https://example.com/btech-se
I have a keen interest in cloud computing,BTech (Cloud Computing),https://example.com/btech-cloud
I want to become a network security expert,BTech (Network Security),https://example.com/btech-network
I am interested in finance and investment banking,BBA (Finance & Investment),https://example.com/bba-finance
I enjoy studying human behavior and psychology,BA (Psychology),https://example.com/ba-psychology
I love designing and creating user-friendly applications,BDes (UX/UI Design),https://example.com/bdes-ux
I want to learn digital marketing and branding,MBA (Marketing),https://example.com/mba-marketing
I want to understand machine learning,BTech (AI & ML),https://example.com/btech-ai
I am interested in ethical hacking,BTech (Cybersecurity),https://example.com/btech-cyber
I want to analyze big data,BSc (Data Science),https://example.com/bsc-ds
I want to develop video games,BTech (Software Engineering),https://example.com/btech-se
I am passionate about entrepreneurship,MBA (Entrepreneurship),https://example.com/mba-entrepreneurship
I love mobile app development,BTech (Software Engineering),https://example.com/btech-se
I am fascinated by blockchain technology,BTech (Blockchain),https://example.com/btech-blockchain
I enjoy working with AI-driven applications,BTech (AI & ML),https://example.com/btech-ai
I want to build intelligent chatbots,BTech (AI & ML),https://example.com/btech-ai
I want to improve my digital marketing skills,MBA (Marketing),https://example.com/mba-marketing
I love programming and algorithms,BTech (Computer Science),https://example.com/btech-cs
I enjoy database management,BCA (Data Science),https://example.com/bca-ds
I want to create VR experiences,BTech (Software Engineering),https://example.com/btech-se
I want to automate business processes,BTech (AI & ML),https://example.com/btech-ai
I am interested in renewable energy technology,BTech (Energy Engineering),https://example.com/btech-energy
I want to improve cybersecurity systems,BTech (Cybersecurity),https://example.com/btech-cyber
I enjoy solving mathematical problems,BSc (Mathematics),https://example.com/bsc-maths
I want to learn business strategy,MBA (Business Strategy),https://example.com/mba-strategy
I am passionate about AI research,BTech (AI & ML),https://example.com/btech-ai
I want to build self-driving cars,BTech (AI & ML),https://example.com/btech-ai
I love working with IoT devices,BTech (IoT),https://example.com/btech-iot
I enjoy cloud computing and DevOps,BTech (Cloud Computing),https://example.com/btech-cloud
I want to become a financial analyst,MBA (Finance),https://example.com/mba-finance
I am passionate about robotics,BTech (Robotics),https://example.com/btech-robotics
I am interested in biotechnology,BTech (Biotechnology),https://example.com/btech-biotech
I want to become an AI product manager,MBA (AI & Data Science),https://example.com/mba-ai
I enjoy working with automation,BTech (AI & ML),https://example.com/btech-ai
I want to work in forensic science,BSc (Forensic Science),https://example.com/bsc-forensic
I love space exploration,BTech (Aerospace Engineering),https://example.com/btech-aerospace
I am fascinated by quantum computing,BTech (Quantum Computing),https://example.com/btech-quantum
I want to create AI-powered medical solutions,BTech (AI & ML),https://example.com/btech-ai
I want to work in financial technology,BTech (FinTech),https://example.com/btech-fintech
I enjoy making data-driven decisions,BSc (Data Science),https://example.com/bsc-ds
I am interested in human-computer interaction,BDes (UX/UI Design),https://example.com/bdes-ux
I want to develop AI-powered tools for businesses,BTech (AI & ML),https://example.com/btech-ai
I am passionate about web development,BTech (Software Engineering),https://example.com/btech-se
I want to use AI in healthcare,BTech (AI & ML),https://example.com/btech-ai
I love programming microcontrollers,BTech (Embedded Systems),https://example.com/btech-embedded
I want to work with smart cities,BTech (IoT),https://example.com/btech-iot
I enjoy stock market analysis,BBA (Finance & Investment),https://example.com/bba-finance
I am passionate about product design,BDes (Industrial Design),https://example.com/bdes-industrial
I want to create e-commerce solutions,MBA (E-Commerce),https://example.com/mba-ecommerce
I enjoy writing technical blogs,BTech (Technical Writing),https://example.com/btech-writing
I am interested in cloud security,BTech (Cloud Computing),https://example.com/btech-cloud
I want to work with AI in agriculture,BTech (AI & ML),https://example.com/btech-ai
I love working on open-source projects,BTech (Software Engineering),https://example.com/btech-se
I want to work in space technology,BTech (Aerospace Engineering),https://example.com/btech-aerospace
